cnpj,identificador_matriz_filial,descricao_matriz_filial,razao_social,nome_fantasia,situacao_cadastral,descricao_situacao_cadastral,data_inicio_atividade,cnae_fiscal,cnae_fiscal_descricao,descricao_tipo_de_logradouro,logradouro,numero,complemento,bairro,cep,uf,codigo_municipio,municipio,ddd_telefone_1,ddd_telefone_2,ddd_fax,qualificacao_do_responsavel,capital_social,porte,descricao_porte,opcao_pelo_simples,data_opcao_pelo_simples,data_exclusao_do_simples,opcao_pelo_mei,situacao_especial,data_situacao_especial
97553801000116,1,,PLURAL GESTAO EM PLANOS DE SAUDE LTDA,PLURAL ADMINISTRADORA DE BENEFICIOS,2,ATIVA,2011-07-14,6550200,Planos de saúde,AVENIDA,RIO BRANCO,131, ANDAR 5 ANDAR SALA 501 A 504,CENTRO,20040006,RJ,6001,RIO DE JANEIRO,2138616000,,,5,3339993.5,DEMAIS,,,,,,,
97553368000119,1,,INTRA MED MEDICINA & IMAGEM LTDA,INTRA MED,2,ATIVA,2011-07-06,8640206,Serviços de ressonância magnética,RODOVIA,JANUARIO CARNEIRO,1645,LOJA 107,PAU POMBO,34004639,MG,4895,NOVA LIMA,3130242002,,,49,10000.0,DEMAIS,,False,2017-01-01,2023-12-31,False,,
97550339000101,1,,LCRC SERVICOS MEDICOS LTDA,,2,ATIVA,2011-06-30,8630503,Atividade médica ambulatorial restrita a consultas,AVENIDA,LAVANDISCA,777,SALA 101,INDIANOPOLIS,04515011,SP,7107,SAO PAULO,1155610516,,,49,1000.0,DEMAIS,,,,,,,
97549822000168,1,,MENS SANA CONSULTORIA EM SAUDE MENTAL LTDA,,2,ATIVA,2011-07-13,8630503,Atividade médica ambulatorial restrita a consultas,RUA,MIGUEL LEMOS,00041, SAL 703,COPACABANA,22071000,RJ,6001,RIO DE JANEIRO,2121160113,,3132748668,49,5000.0,MICRO EMPRESA,,True,2015-01-01,,False,,
97548382000124,1,,CENTRO DE ATENDIMENTO MEDICO ESPECIALIZADO GARCIA LTDA,CENTRO DE ATENDIMENTO MEDICO ESPECIALIZADO GARCIA,2,ATIVA,2011-07-05,8630502,Atividade médica ambulatorial com recursos para realização de exames complementares,RUA,TEIXEIRA DA SILVA,34,CONJ 33,PARAISO,04002910,SP,7107,SAO PAULO,1143715259,1130835249,1125064913,49,1000.0,DEMAIS,,,,,,,
97546775000107,1,,CLINICA DERMAVALE LTDA,CLINICA DERMAVALE,2,ATIVA,2011-06-22,8630502,Atividade médica ambulatorial com recursos para realização de exames complementares,RUA,CAPITAO NECO,631,ANDAR 6 SALA 609,VILA ANA ROSA NOVAES,12705000,SP,6369,CRUZEIRO,1274021085,,1231440558,49,4000.0,DEMAIS,,True,2015-01-01,,False,,
97546022000193,1,,MD UROLOGIA CLINICA MEDICA E CIRURGICA LTDA,,2,ATIVA,2011-07-11,8630501,Atividade médica ambulatorial com recursos para realização de procedimentos cirúrgicos,RUA,DO CATETE,00311, SAL 1110,CATETE,22220901,RJ,6001,RIO DE JANEIRO,2122069600,,,5,10000.0,DEMAIS,,False,2015-01-01,2015-02-28,False,,
97545651000107,1,,URBANO DURAN CHAMADOIRO NETO,U.C. ASSISTENCIA MEDICA,2,ATIVA,2011-06-30,8630503,Atividade médica ambulatorial restrita a consultas,AVENIDA,FRANCISCO GLICERIO,2331,SALA 53,VILA ITAPURA,13023101,SP,6291,CAMPINAS,1998103328,,1932894456,50,1500.0,MICRO EMPRESA,,True,2015-01-01,,False,,
97545103000179,1,,ORTOMIN SERVICOS MEDICOS LTDA.,ORTOMIN SERVIOS MEDICOS,2,ATIVA,2011-06-22,8630502,Atividade médica ambulatorial com recursos para realização de exames complementares,RUA,RIO DE JANEIRO,224,APT 72,HIGIENOPOLIS,01240010,SP,7107,SAO PAULO,1181625244,,1136705929,49,4000.0,DEMAIS,,,,,,,
97544969000165,1,,MARIANO & FARIA SOCIEDADE SIMPLES,CLINICA - CES,2,ATIVA,2011-07-08,8630503,Atividade médica ambulatorial restrita a consultas,RUA,ANTUNES DE ALENCAR,152,ANDAR 1 SALA 01-A 04-A E 05-A,BOSQUE,69900481,AC,139,RIO BRANCO,6832262712,6832226900,,49,44000.0,MICRO EMPRESA,,,,,,,
97544785000103,1,,M & I CLINICA MEDICA LTDA,M & I CLINICA MEDICA,2,ATIVA,2011-07-04,8630501,Atividade médica ambulatorial com recursos para realização de procedimentos cirúrgicos,RUA,MARTINICO PRADO,26,CONJ 72 ANDAR 07,VILA BUARQUE,01224010,SP,7107,SAO PAULO,1130887699,1184260277,1130867699,49,4400.0,DEMAIS,,True,2015-01-01,,False,,
97543298000118,1,,CENTRO DE OFTALMOLOGIA ESPECIALIZADA SCANNAVINO LTDA,,2,ATIVA,2011-05-19,8630503,Atividade médica ambulatorial restrita a consultas,AVENIDA,ANDROMEDA,693,SALA 504,JARDIM SATELITE,12230000,SP,7099,SAO JOSE DOS CAMPOS,1232048778,1232048777,1232048776,49,4000.0,DEMAIS,,,,,,,
97542765000195,1,,SURGI SERVICO DE UROLOGIA E GINECOLOGIA INTEGRADO SOCIEDADE SIMPLES,,2,ATIVA,2011-07-04,8630501,Atividade médica ambulatorial com recursos para realização de procedimentos cirúrgicos,RUA,ANTONIO CARLOS BERTA,475,SALA 805,JARDIM EUROPA,91340020,RS,8801,PORTO ALEGRE,5130273737,,5130273737,49,750.0,DEMAIS,,,,,,,
97538746000195,1,,NEUROCOL MEDICINA AVANCADA LTDA,NEUROCOL,2,ATIVA,2011-07-11,8630501,Atividade médica ambulatorial com recursos para realização de procedimentos cirúrgicos,AVENIDA,SANTOS DUMONT,901,SALA 5 E 6,JUNDIAI,75113185,GO,9221,ANAPOLIS,6230996091,6230996091,6230996092,5,200000.0,DEMAIS,,,,,,,
97534481000157,1,,FEMELLE -CLINICA DA MULHER LTDA,,2,ATIVA,2011-07-05,8630503,Atividade médica ambulatorial restrita a consultas,RUA,DOUTOR CESAR,72,SALA 22,SANTANA,02013000,SP,7107,SAO PAULO,1155757328,,1155757328,49,2000.0,DEMAIS,,,,,,,
97534311000172,1,,AKOS ANESTESIOLOGISTAS S/C LTDA,,2,ATIVA,2011-06-28,8610101,"Atividades de atendimento hospitalar, exceto pronto-socorro e unidades para atendimento a urgências",RUA,RODRIGO DE BRITO,29,APT 202 PARTE,BOTAFOGO,22280100,RJ,6001,RIO DE JANEIRO,2127124665,2126071424,2135538014,49,10000.0,DEMAIS,,,,,,,
97534048000111,1,,MACHADO E VILLAFRANCA SERVICOS MEDICOS SOCIEDADE SIMPLES LIMITADA,,2,ATIVA,2011-06-30,8630503,Atividade médica ambulatorial restrita a consultas,RUA,MANUEL DE AUTOGUIA,20,ANDAR 1 SALA 03,TATUAPE,03313020,SP,7107,SAO PAULO,1123738817,,,49,1000.0,DEMAIS,,,,,,,
97533149000178,1,,VALENS SERVICOS MEDICOS LTDA,VALENS SERVICOS MEDICOS,2,ATIVA,2011-06-22,8630501,Atividade médica ambulatorial com recursos para realização de procedimentos cirúrgicos,RUA,JOSE PAULINO,2233,,VILA ITAPURA,13023102,SP,6291,CAMPINAS,1932334123,,,49,2000.0,DEMAIS,,,,,,,
97530849000109,1,,SANTA CRUZ MEDICO HOSPITALAR LTDA,UNICOM,2,ATIVA,2011-07-07,4773300,Comércio varejista de artigos médicos e ortopédicos,QUADRA,SHLS,S/N,QUADRA: 716 ; CONJ: L ; BLOCO: 2; LOJA: 88L 92L 96L ; SUBSL: 1;,ASA SUL,70390700,DF,9701,BRASILIA,6132187060,6191167740,,49,100000.0,DEMAIS,,,,,,,
97529134000136,1,,S. M. S. C SERVICOS ADMINISTRATIVOS LTDA,,2,ATIVA,2011-07-01,8211300,Serviços combinados de escritório e apoio administrativo,RUA,SERGIPE,355,,VILA MARCONDES,19030530,SP,6929,PRESIDENTE PRUDENTE,1138071394,,,49,20000.0,MICRO EMPRESA,,False,2013-01-01,2022-12-31,False,,
97526856000137,1,,SEABRA E VELLOSO PEDIATRIA,,2,ATIVA,2011-07-08,8630503,Atividade médica ambulatorial restrita a consultas,AVENIDA,ATAULFO DE PAIVA,135,SALA 1613,LEBLON,22440901,RJ,6001,RIO DE JANEIRO,2124040434,2124040436,2124040434,49,3000.0,DEMAIS,,,,,,,
97521551000132,1,,LABOANALISE LABORATORIO DE ANALISES CLINICAS LTDA,LABOANALISE,2,ATIVA,2011-07-08,8640202,Laboratórios clínicos,RUA,DESIDERIO BRANDAO,04,,CENTRO,44380000,BA,3495,CRUZ DAS ALMAS,7536212646,,,49,60000.0,EMPRESA DE PEQUENO PORTE,,True,2023-01-01,,False,,
97521475000165,1,,FISS & FISS CLINICA MEDICA S/S LTDA.,,2,ATIVA,2011-06-16,8630501,Atividade médica ambulatorial com recursos para realização de procedimentos cirúrgicos,RUA,JOAO PLANINCHECK,1990,EDIF BLUE CHIP SALA 406,JARAGUA ESQUERDO,89253105,SC,8175,JARAGUA DO SUL,4732731557,4733717535,,49,2000.0,DEMAIS,,,,,,,
97520824000124,1,,CLINICA MALINOSK VICARIA LTDA,,2,ATIVA,2011-06-15,8630503,Atividade médica ambulatorial restrita a consultas,RUA,DESEMBARGADOR PAULO PASSALAQUA,72,,PACAEMBU,01248010,SP,7107,SAO PAULO,1122833907,,1122833907,49,5000.0,EMPRESA DE PEQUENO PORTE,,,,,,,
97520712000173,1,,LIFE NEURAL CLINICA MEDICA LTDA.,,2,ATIVA,2011-06-29,8630502,Atividade médica ambulatorial com recursos para realização de exames complementares,RUA,DURVAL ROCHA,107,,VILA PARAIBA,12515710,SP,6469,GUARATINGUETA,1230134297,1231531765,1230134297,49,2000.0,MICRO EMPRESA,,True,2015-01-01,,False,,
97515480000165,1,,PRO-OFTALMO MICRO CIRURGIA OCULAR S/C LTDA,,2,ATIVA,1994-04-12,8610101,"Atividades de atendimento hospitalar, exceto pronto-socorro e unidades para atendimento a urgências",RUA,ALVARO RAMOS,550/60,,BOTAFOGO,22280110,RJ,6001,RIO DE JANEIRO,,,,49,500000.0,DEMAIS,,,,,,,
97515167000127,1,,AXCEM DERMATOLOGIA FARIA LIMA S/S,,2,ATIVA,1994-04-27,8630503,Atividade médica ambulatorial restrita a consultas,RUA,TAVARES CABRAL,102,CONJ 71 E 72,PINHEIROS,05423030,SP,7107,SAO PAULO,1130344240,,1138135063,49,20000.0,EMPRESA DE PEQUENO PORTE,,,,,,,
97497473000188,1,,MAURICIO TOLEDO DE ABREU CARDIOLOGIA LTDA,ABREU CARDIOLOGIA,2,ATIVA,1994-04-08,8630502,Atividade médica ambulatorial com recursos para realização de exames complementares,AVENIDA,PAULISTA,726,CONJ 402/403/408/409,BELA VISTA,01310100,SP,7107,SAO PAULO,1132847011,,,5,10000.0,EMPRESA DE PEQUENO PORTE,,,,,,,
97497150000194,1,,"CLINICA DE UROLOGIA, CIRURGIA GERAL E GINECOLOGIA PEIXOTO GOMIDE LTDA",,2,ATIVA,1994-04-14,8630503,Atividade médica ambulatorial restrita a consultas,RUA,BARATA RIBEIRO,414,CONJUNTO 25,BELA VISTA,01308000,SP,7107,SAO PAULO,1132557349,,,49,15000.0,EMPRESA DE PEQUENO PORTE,,,,,,,
97496715000119,1,,HOLTERDIAGNOSE SERVICOS CARDIOLOGICOS LTDA,HOLTEDIAGNOSE,2,ATIVA,1994-04-28,8630502,Atividade médica ambulatorial com recursos para realização de exames complementares,SETOR,SHLS QUADRA 716 CONJUNTO N BLOCO A N 47,SN, CONSULT 107 109 111,ASA SUL,70390700,DF,9701,BRASILIA,6132451298,,6134452505,49,10000.0,EMPRESA DE PEQUENO PORTE,,,,,,,
97490197000126,1,,SOGASTRO SOCIEDADE DE GASTROENTEROLOGIA LTDA.,SOGASTRO,2,ATIVA,1994-04-25,8630503,Atividade médica ambulatorial restrita a consultas,AVENIDA,CORONEL COLARES MOREIRA,03,EDIF BUSINESS CENTER LOJA 35,JARDIM RENASCENCA,65075441,MA,921,SAO LUIS,9821090431,,,49,450000.0,EMPRESA DE PEQUENO PORTE,,,,,,,
97488605000105,1,,CEDOV CENTRO DE DENSITOMETRIA OSSEA DE V REDONDA LTDA,,2,ATIVA,1994-04-20,8640299,Atividades de serviços de complementação diagnóstica e terapêutica não especificadas anteriormente,RUA,40,20,SALAS 914 E 915,VILA SANTA CECILIA,27211130,RJ,5925,VOLTA REDONDA,,,,49,0.0,EMPRESA DE PEQUENO PORTE,,False,2015-01-01,2015-12-31,False,,
97487508000106,1,,CLINICA PANAMERICANA OLHOS LTDA,,2,ATIVA,1994-04-26,8630501,Atividade médica ambulatorial com recursos para realização de procedimentos cirúrgicos,RUA,CAPITAO CAMBOIM,78,,CENTRO,93220070,RS,8901,SAPUCAIA DO SUL,5134743597,,,49,10000.0,DEMAIS,,,,,,,
97485874000118,1,,AIDAN SERVICOS DE ANESTESIA S,CLINICA ONO,2,ATIVA,1994-04-11,8690903,Atividades de acupuntura,AVENIDA,SETE DE SETEMBRO,4698,CONJUNTO 1703,BATEL,80240001,PR,7535,CURITIBA,,,,49,1000.0,MICRO EMPRESA,,False,2015-01-01,2021-11-30,False,,
97482608000131,1,,MAILDE BRANDAO CONSULTORIOS MEDICOS LTDA,,2,ATIVA,1994-04-25,8630503,Atividade médica ambulatorial restrita a consultas,AVENIDA,ANTONIO CARLOS MAGALHAES,585,"ED L. PASTEUR, S/306",PITUBA,41800700,BA,3849,SALVADOR,712491843,,712491843,49,20000.0,DEMAIS,,True,2023-01-01,,False,,
97479729000124,1,,CLINICA MEDICA DR ANTONIO ALMENDRA LTDA,,2,ATIVA,1994-04-11,8630502,Atividade médica ambulatorial com recursos para realização de exames complementares,RUA,SERRA DE BRAGANCA,1181,,TATUAPE,03318000,SP,7107,SAO PAULO,,,,49,10000.0,MICRO EMPRESA,,,,,,,
97479646000488,2,,DAVITA SERVICOS DE NEFROLOGIA JARDIM DAS IMBUIAS LTDA.,FILIAL INTERLARGOS,2,ATIVA,2018-12-14,8640203,Serviços de diálise e nefrologia,AVENIDA,ATLANTICA,5071,,INTERLAGOS,04772005,SP,7107,SAO PAULO,2139527901,21274001,,5,13293789.0,DEMAIS,,,,,,,
97479638000199,1,,CIDS CLINICA INTEGRADA DE DIAGNOSTICOS SONOGRAFICOS LTDA,,2,ATIVA,1994-04-14,8640207,"Serviços de diagnóstico por imagem sem uso de radiação ionizante, exceto ressonância magnética",RUA,JOANITA DE OLIVEIRA,157,,SAO MIGUEL PTA,08011370,SP,7107,SAO PAULO,,,,49,0.0,MICRO EMPRESA,,True,2023-01-01,,False,,
97475115000174,1,,CENTRO GINECOLOGICO E OBSTETRICO DIAS DE LIMA LTDA,,2,ATIVA,1994-04-19,8630503,Atividade médica ambulatorial restrita a consultas,RUA,CAROLINA MACHADO,560,SALA 428/429,MADUREIRA,21351021,RJ,6001,RIO DE JANEIRO,2125855927,,,49,78800.0,MICRO EMPRESA,,True,2024-01-01,,False,,
97472187000168,1,,OSTEOLAB CLINICA MEDICA LTDA,,2,ATIVA,1994-04-15,8630503,Atividade médica ambulatorial restrita a consultas,RUA,DOIS DE DEZEMBRO,00038, SAL 0706,FLAMENGO,22220040,RJ,6001,RIO DE JANEIRO,2130821445,2135531542,2130821445,49,120000.0,MICRO EMPRESA,,,,,,,
97459614000178,1,,ASSISTENCIA CLINICA CARDIOLOGICA CONDOR LTDA,,2,ATIVA,1994-04-07,8630503,Atividade médica ambulatorial restrita a consultas,RUA,VISCONDE DE PIRAJA,00111, APT 707,IPANEMA,22410001,RJ,6001,RIO DE JANEIRO,2125370294,,,49,0.0,DEMAIS,,,,,,,
97458137000126,1,,INSTITUTO MEDICO NEUROLOGICO DE LA VIA LTDA,,2,ATIVA,1994-04-14,8690999,Outras atividades de atenção à saúde humana não especificadas anteriormente,RUA,JURUBATUBA,1350,CONJ 109,CENTRO,09725000,SP,7075,SAO BERNARDO DO CAMPO,1197568964,1599756896,,49,0.0,MICRO EMPRESA,,,,,,,
97453120000186,1,,CLINICA VASCULAR DE ROBERTO PASTOR RUBEIZ LTDA,CIRUVASC,2,ATIVA,1994-04-19,8630503,Atividade médica ambulatorial restrita a consultas,AVENIDA,PRINCESA IZABEL,914,SALA 102 E 103,BARRA,40140000,BA,3849,SALVADOR,7132452721,,7132452323,49,50000.0,DEMAIS,,,,,,,
97452148000107,1,,DR.LELIO D. FREITAS NEUROCLINICA LTDA,,2,ATIVA,1994-04-12,8630503,Atividade médica ambulatorial restrita a consultas,AVENIDA,ANGELICA,916,CONJUNTO 602,SANTA CECILIA,01228000,SP,7107,SAO PAULO,001136671373,,,49,0.0,MICRO EMPRESA,,,,,,,
97447163000159,1,,LABCLIN LABORATORIO DE ANALISES CLINICAS LTDA,,2,ATIVA,1994-04-19,8640202,Laboratórios clínicos,RUA,DOS EXPEDICIONARIOS,1029,,CENTRO,13150001,SP,6357,COSMOPOLIS,1938726737,,,49,10000.0,EMPRESA DE PEQUENO PORTE,,True,2024-01-01,,False,,
97446264000105,1,,CENTROR - CENTRO OTORRINOLARINGOLOGICO DE REFERENCIA,CENTROR,2,ATIVA,1994-04-05,8630502,Atividade médica ambulatorial com recursos para realização de exames complementares,AVENIDA,BRIG LUIZ ANTONIO,4277,,JD PAULISTA,01401002,SP,7107,SAO PAULO,,,,49,300.0,EMPRESA DE PEQUENO PORTE,,False,2018-01-01,2018-01-01,False,,
97442388000112,1,,RAS ADMINISTRACAO DE IMOVEIS LTDA,,2,ATIVA,1994-04-19,7490104,"Atividades de intermediação e agenciamento de serviços e negócios em geral, exceto imobiliários",RUA,PASCHOAL APOSTOLO PITSICA,4876,SALA 07 TERREO COND EXEC LUIZ ELIAS DAUX,AGRONOMICA,88025255,SC,8105,FLORIANOPOLIS,4832220888,,,49,102000.0,EMPRESA DE PEQUENO PORTE,,,,,,,
97431829000180,1,,DAVITA NEPHRON CARE SERVICOS DE NEFROLOGIA LTDA,DAVITA,2,ATIVA,1994-04-08,8610102,Atividades de atendimento em pronto-socorro e unidades hospitalares para atendimento a urgências,RUA,DOUTOR DJALMA DUTRA,38,,CENTRO,24030205,RJ,5865,NITEROI,2139527900,,,5,8974415.0,EMPRESA DE PEQUENO PORTE,,,,,,,
97416895000181,1,,CLININ - CLINICA DE NEUROLOGIA INFANTIL E NEUROFISIOLOGIA LTDA,CLININ,2,ATIVA,1994-04-13,8630503,Atividade médica ambulatorial restrita a consultas,RUA,TERRITORIO DO ACRE,65,,PITUBA,41830110,BA,3849,SALVADOR,7135061012,,7121084677,49,30000.0,EMPRESA DE PEQUENO PORTE,,True,2015-01-01,,False,,
97413462000172,1,,CLIMAGEM CLINICA DE IMAGEM LTDA,CLIMAGEM I,2,ATIVA,1994-04-15,8640205,"Serviços de diagnóstico por imagem com uso de radiação ionizante, exceto tomografia",RUA,LAGARTO,1409,,SAO JOSE,49015270,SE,3105,ARACAJU,7932141899,,,49,70000.0,EMPRESA DE PEQUENO PORTE,,True,2022-01-01,,False,,
97401517000124,1,,CLINICA DE IMUNIZACAO E ALERGIA LTDA,VACINAS ATCHIM,2,ATIVA,1994-03-24,8630503,Atividade médica ambulatorial restrita a consultas,AVENIDA,DAS AMERICAS,03333, SAL 1212,BARRA DA TIJUCA,22631003,RJ,6001,RIO DE JANEIRO,2130221921,,,49,30000.0,MICRO EMPRESA,,True,2021-01-01,,False,,
97397848000138,1,,HOSPITAL PROHOPE LTDA EM RECUPERACAO JUDICIAL EM RECUPERACAO JUDICIAL,HOSPITAL PROHOPE LTDA,2,ATIVA,1994-04-12,8610101,"Atividades de atendimento hospitalar, exceto pronto-socorro e unidades para atendimento a urgências",ESTRADA,DA PACIENCIA,2009,SALA SA,CAJAZEIRAS VIII,41338700,BA,3849,SALVADOR,7132118142,,7132400169,64,7400000.0,DEMAIS,,,,,,RECUPERACAO JUDICIAL,2019-02-22
97395552000188,1,,SOS INFANTIL,S O S INFANTIL,2,ATIVA,1994-04-13,8610102,Atividades de atendimento em pronto-socorro e unidades hospitalares para atendimento a urgências,RUA,MELVIN JONES,52,,APICUM,65025610,MA,921,SAO LUIS,9832225165,,,49,5000.0,EMPRESA DE PEQUENO PORTE,,,,,,,
97388490000187,1,,UNIMED COSTA DO DESCOBRIMENTO COOPERATIVA DE TRABALHO MEDICO,UNIMED COSTA DO DESCOBRIMENTO,2,ATIVA,1994-04-07,6550200,Planos de saúde,RUA,PADRE JOAO GUALBERTO,765,,VIVENDAS COSTA AZUL,45820645,BA,3117,EUNAPOLIS,7332818605,7332818600,732811682,16,9760769.0,DEMAIS,,,,,,,
97376115000117,1,,SERVICO DE TOMOGRAFIA COMPUTADORIZADA DE JEQUIE LTDA,CEMI CENTRO MEDICO DE IMAGEM,2,ATIVA,1994-04-07,8640204,Serviços de tomografia,AVENIDA,SAO BERNARDO,33,,SAO LUIS,45203276,BA,3661,JEQUIE,7335258070,7335256157,7335252425,49,800000.0,EMPRESA DE PEQUENO PORTE,,,,,,,
97372676000148,1,,CENTRO ESPECIALIZADO DE IMAGENS DE NOVA IGUACU LTDA,CINI,2,ATIVA,1994-03-30,8640207,"Serviços de diagnóstico por imagem sem uso de radiação ionizante, exceto ressonância magnética",RUA,BERNADINO DE MELLO,1465,PARTE,CENTRO,26262020,RJ,5869,NOVA IGUACU,2126678737,,,49,360000.0,EMPRESA DE PEQUENO PORTE,,,,,,,
97371710000160,1,,CLINICA DE FISIOTERAPIA E FONOAUDIOLOGIA REABILITAR LTDA,REABILITAR,2,ATIVA,1994-04-04,8650004,Atividades de fisioterapia,RUA,NASSIB HADDAD,117,,ZONA 04,87014085,PR,7691,MARINGA,4432253053,,4430267003,49,3000.0,MICRO EMPRESA,,True,2015-01-01,,False,,
97370894000143,1,,CLINICA DRA SOLANGE SASAKI LTDA,,2,ATIVA,1994-03-29,8650099,Atividades de profissionais da área de saúde não especificadas anteriormente,RUA,BANDEIRA PAULISTA,662,4 ANDAR CJ 42,ITAIM BIBI,04532002,SP,7107,SAO PAULO,1130321506,1138143197,1130321506,49,0.0,MICRO EMPRESA,,True,2015-01-01,,False,,
97355028000183,1,,AMOSP LIMITADA ASSISTENCIA MEDICA E ORTOPEDICA SAO PAULO,,2,ATIVA,1994-04-07,8630503,Atividade médica ambulatorial restrita a consultas,RUA,STO ALEXANDRE,240,,VILA GUILHERMINA,03542100,SP,7107,SAO PAULO,1169517310,,,49,1000.0,MICRO EMPRESA,,,,,,,
97349781000166,1,,SERVICOS MEDICOS PACHECO LTDA,ANGIOLOGIA CLINICA DR. KENNEDY PACHECO,2,ATIVA,1994-04-05,8630501,Atividade médica ambulatorial com recursos para realização de procedimentos cirúrgicos,RUA,VISCONDE DE PIRAJA,00550, SAL 2212,IPANEMA,22410901,RJ,6001,RIO DE JANEIRO,2122169900,,,49,0.0,MICRO EMPRESA,,,,,,,
97346209000143,1,,INTERCLIN - CLINICA MEDICA LTDA,INTERCLIN,2,ATIVA,1994-03-17,8630503,Atividade médica ambulatorial restrita a consultas,RUA,SAO JANUARIO,468,,SAO CRISTOVAO,20921003,RJ,6001,RIO DE JANEIRO,2132950968,2138606819,2122327294,49,5450.0,MICRO EMPRESA,,True,2019-01-01,,False,,
97344501000127,1,,CLINICA DA IMAGEM DO TOCANTINS LTDA,CLINICA DA IMAGEM DO TOCANTINS,2,ATIVA,1994-04-06,8640206,Serviços de ressonância magnética,RUA,TREZE DE MAIO,1359,,SETOR CENTRAL,77803130,TO,9241,ARAGUAINA,6334211437,,,49,7089000.0,DEMAIS,,,,,,,
97342000000101,1,,CLINICA CARDIOLOGICA DR ANTONIO PAULO FILOMENO LTDA,CEMEDI CENTRO MEDICO DIAGNOSTICO,2,ATIVA,1994-04-06,8630502,Atividade médica ambulatorial com recursos para realização de exames complementares,SETOR,SEPS EQ 715/915 CONJUNTO A BLOCO D CONSULTORIOS,S/N, 205 E 209 A 213,ASA SUL,70390115,DF,9701,BRASILIA,6133462223,6133462223,614452505,49,10000.0,EMPRESA DE PEQUENO PORTE,,,,,,,
97335392000181,1,,UB GESTAO E TREINAMENTO EM SAUDE LTDA,,2,ATIVA,1994-03-24,8660700,Atividades de apoio à gestão de saúde,AVENIDA,RIO BRANCO,00173, GRP 203,CENTRO,20040007,RJ,6001,RIO DE JANEIRO,2131079897,2131079898,2135533873,49,7200.0,DEMAIS,,,,,,,
97279350000170,1,,SOCIEDADE BENEFICENTE SA PIRANGUENSE,,2,ATIVA,1985-01-31,8610101,"Atividades de atendimento hospitalar, exceto pronto-socorro e unidades para atendimento a urgências",RUA,GETULIO VARGAS,527,,CENTRO,93800010,RS,8899,SAPIRANGA,,,,16,0.0,DEMAIS,,,,,,,
97260095000114,1,,CLINICA DR NELIO TOMBINI - PSIQUIATRIA E PSICOLOGIA LTDA S/S,PSICOBREVE - CLINICA DE PSICOTERAPIA BREVE,2,ATIVA,1994-03-14,8650003,Atividades de psicologia e psicanálise,RUA,PROF ANNES DIAS,112,CONJ 1404,CENTRO,90020090,RS,8801,PORTO ALEGRE,,,,49,5000.0,MICRO EMPRESA,,,,,,,
97134555000168,1,,ANATPAT MEDICINA DIAGNOSTICA LTDA,ANATPAT MEDICINA DIAGNOSTICA,2,ATIVA,1994-01-13,8640201,Laboratórios de anatomia patológica e citológica,RUA,GOMES JARDIM,301,CONJ 424,SANTANA,90620130,RS,8801,PORTO ALEGRE,5132234224,,,49,304000.0,EMPRESA DE PEQUENO PORTE,,False,2009-01-01,2009-01-01,False,,
97130330000133,1,,CLINICA E INSTITUTO DE OFTALMOLOGIA IVO CORREA MEYER SOCIEDADE SIMPLES LTDA,,2,ATIVA,1993-11-24,8650099,Atividades de profissionais da área de saúde não especificadas anteriormente,RUA,OLAVO BARRETO VIANA,104,403,MOINHOS DE VENTO,90570070,RS,8801,PORTO ALEGRE,,,,49,0.0,MICRO EMPRESA,,True,2018-01-01,,False,,
97129910000291,2,,CEMA - CENTRO DE MAMA S/S,CEMA - CENTRO DE MAMA SS,2,ATIVA,2015-08-25,8630503,Atividade médica ambulatorial restrita a consultas,AVENIDA,ALBERT EINSTEIN 627/665/701,627,BLOCO A1 SALA 123 C,JARDIM LEONOR,05652900,SP,7107,SAO PAULO,1143327744,1142232393,,49,5000.0,EMPRESA DE PEQUENO PORTE,,,,,,,
97129910000100,1,,CEMA - CENTRO DE MAMA S/S,,2,ATIVA,1993-11-11,8630503,Atividade médica ambulatorial restrita a consultas,RUA,TOBIAS DA SILVA,120,CONJ 808,MOINHOS VENTO,90570020,RS,8801,PORTO ALEGRE,5133841344,,,49,5000.0,EMPRESA DE PEQUENO PORTE,,,,,,,
97056790000169,1,,CLINICA MEDICA CASTRO ALVES SOCIEDADE SIMPLES LTDA,,2,ATIVA,1993-10-29,8630503,Atividade médica ambulatorial restrita a consultas,RUA,QUINTINO BOCAIUVA,554,SALA 404,FLORESTA,90440050,RS,8801,PORTO ALEGRE,5133954676,,,49,5000.0,EMPRESA DE PEQUENO PORTE,,,,,,,
96850045000124,1,,VITACLIN ASSISTENCIA MEDICA ESPECIALIZADA LTDA,,2,ATIVA,1993-08-30,8630501,Atividade médica ambulatorial com recursos para realização de procedimentos cirúrgicos,AVENIDA,PREFEITO CELSO ALVES PINHEIRO DA SILVA,60,,CENTRO,42702580,BA,3685,LAURO DE FREITAS,7133783320,7130240320,7133783320,49,42000.0,MICRO EMPRESA,,False,2023-01-01,2023-01-01,False,,
96850003000274,2,,ECTO MEDICINA ESPECIALIZADA SS,,2,ATIVA,1998-01-08,8630503,Atividade médica ambulatorial restrita a consultas,RUA,LEOVIGILDO FILGUEIRAS,56,S/305,GARCIA,40100000,BA,3849,SALVADOR,,,,49,100000.0,EMPRESA DE PEQUENO PORTE,,,,,,,
96849971000180,1,,CLIN- CLINICA DE NEUROLOGIA E NEUROCIRURGIA LTDA,ORLANDO FREIRE DE CARVALHO NEUROLOGIA E NEUROCIRURGIA,2,ATIVA,1993-08-19,8630503,Atividade médica ambulatorial restrita a consultas,AVENIDA,"ANTONIO CARLOS MAGALHAES,SALA 1110",585,C. ODONTOM. ITAIGARA,ITAIGARA,41825000,BA,3849,SALVADOR,713592260,,,49,0.0,MICRO EMPRESA,,True,2015-01-01,,False,,
96827282000174,1,,CLINICA SANTA RITA DE CASSIA LTDA,,2,ATIVA,1993-09-06,8630502,Atividade médica ambulatorial com recursos para realização de exames complementares,AVENIDA,TANCREDO NEVES,1632, SALVADOR TRADE CENTER TORRE NORTE SALA 708 SALA 709,CAMINHO DAS ARVORES,41820915,BA,3849,SALVADOR,7131132656,,,49,10000.0,MICRO EMPRESA,,,,,,,
96798657000115,1,,FUNDACAO DE NEUROLOGIA E NEUROCIRURGIA,INSTITUTO DO CEREBRO,2,ATIVA,1993-03-04,7220700,Pesquisa e desenvolvimento experimental em ciências sociais e humanas,RUA,DEOCLECIANO BARRETO,10,,GRACA,40150400,BA,3849,SALVADOR,7140098888,7140098866,,16,0.0,DEMAIS,,,,,,,
96793757000159,1,,CENTRO MEDICO VIRGILIO DAMASIO LTDA,MED CENTER,2,ATIVA,1993-07-06,8630502,Atividade médica ambulatorial com recursos para realização de exames complementares,RUA,VIRGILIO DAMASIO,113,,CENTRO,45400000,BA,3957,VALENCA,7536413630,7536413852,,49,75000.0,EMPRESA DE PEQUENO PORTE,,True,2015-01-01,,False,,
96793526000145,1,,INSTITUTO DE OFTALMOLOGIA DA BAHIA LTDA,,2,ATIVA,1993-07-09,8630503,Atividade médica ambulatorial restrita a consultas,RUA,ALTINO SERBETO DE BARROS,000241,EDIF ITAIGARA MEMORIAL SALA 1205,PITUBA,41830908,BA,3849,SALVADOR,7133530916,,,49,1000.0,MICRO EMPRESA,,,,,,,
96792791000109,1,,ELMECO SERVICOS FARMACEUTICOS E TREINAMENTO PROFISSIONAL LTDA,ELMECO,2,ATIVA,1993-05-28,4771702,"Comércio varejista de produtos farmacêuticos, com manipulação de fórmulas",RUA,CAETANO MOURA,000035,BLOCO B TERREO,FEDERACAO,40210341,BA,3849,SALVADOR,7132477975,,,49,9421287.0,DEMAIS,,,,,,,
96792254000169,1,,HOSPITAL DE OLHOS BEIRA RIO LTDA.,HOSPITAL BEIRA RIO,2,ATIVA,1993-06-01,8610101,"Atividades de atendimento hospitalar, exceto pronto-socorro e unidades para atendimento a urgências",AVENIDA,MARIO PADRE,185,,GOES CALMON,45605388,BA,3597,ITABUNA,7321025444,,7332116771,49,480000.0,DEMAIS,,,,,,,
96791728000158,1,,CONSULMED & FEMININA SERVICOS MEDICOS S/S,,2,ATIVA,1993-06-07,8630501,Atividade médica ambulatorial com recursos para realização de procedimentos cirúrgicos,AVENIDA,TANCREDO NEVES,1632, CENTRO EMPRESARIAL SALVADOR TRADE CENTER TORRE NORTE SALA 305,CAMINHO DAS ARVORES,41820020,BA,3849,SALVADOR,7131132026,,7133112150,49,10000.0,MICRO EMPRESA,,,,,,,
96778295000109,1,,"CLIPENE - CLINICA DE PEDIATRIA, ALERGIA E NUTRICAO INFANTIL SOCIEDADE SIMPLES LTDA",CLIPENE,2,ATIVA,1993-06-08,8630502,Atividade médica ambulatorial com recursos para realização de exames complementares,AVENIDA,ANITA GARIBALDI,1815, EDF. CME BLOCO B LOJA 14 T1,ONDINA,40170130,BA,3849,SALVADOR,7132377508,7132376010,7121092546,49,2000.0,MICRO EMPRESA,,,,,,,
96764550000156,1,,BAHIAMED COMERCIO DE MATERIAIS HOSPITALARES LTDA,,2,ATIVA,1993-05-27,4645101,"Comércio atacadista de instrumentos e materiais para uso médico, cirúrgico, hospitalar e de laboratórios",RUA,ILHEUS,107,CASA,RIO VERMELHO,41940570,BA,3849,SALVADOR,7132649699,,,49,2970000.0,DEMAIS,,False,2007-07-01,2008-12-31,False,,
96755863000148,1,,LABORATORIO FRIDEL ANALISES CLINICAS LTDA,FRIDELAB ANALISES CLINICAS,2,ATIVA,1969-08-27,8640202,Laboratórios clínicos,RUA,CONCEICAO,946,TERREOE SALA 2 SALA 3 SALA 4,CENTRO,93010070,RS,8877,SAO LEOPOLDO,5135925813,5135925066,5130376508,49,187100.0,EMPRESA DE PEQUENO PORTE,,,,,,,
96740576000164,1,,FERNANDES PITANGA ATENDIMENTOS MEDICOS LTDA,ODONTOCARDIO,2,ATIVA,1993-04-22,8630502,Atividade médica ambulatorial com recursos para realização de exames complementares,RUA,AURELIO MIRANDA,01,TERREO,CONCEICAO,44400000,BA,3751,NAZARE,7536361816,,,49,70000.0,MICRO EMPRESA,,True,2015-01-01,,False,,
96740014000110,1,,CLINICA DR. GASPAR LTDA,,2,ATIVA,1993-04-19,8630502,Atividade médica ambulatorial com recursos para realização de exames complementares,AVENIDA,JURACY MAGALHAES JUNIOR 2096,2096, CENTRO MEDICO ALIANCA SALA 609,SANTA CRUZ,41920900,BA,3849,SALVADOR,7121084716,,7133544060,49,0.0,EMPRESA DE PEQUENO PORTE,,,,,,,
96739966000114,1,,CLINICA DR ANTONIO CARLOS VIEIRA LOPES S/S LTDA,,2,ATIVA,1993-04-23,8630503,Atividade médica ambulatorial restrita a consultas,AVENIDA,GARIBALDE,1987,2 ANDAR,RIO VERMELHO,40301155,BA,3849,SALVADOR,7132453534,,,49,5000.0,EMPRESA DE PEQUENO PORTE,,,,,,,
96739941000110,1,,CLINICA ROBERTO DOREA ORTOPEDIA E ARTROSCOPIA LTDA,,2,ATIVA,1993-05-04,8630501,Atividade médica ambulatorial com recursos para realização de procedimentos cirúrgicos,AVENIDA,JURACY MAGALHAES JUNIOR,002096, EDIF CENTRO MEDICO ALIANCA SALA 402 E 409,SANTA CRUZ,41920900,BA,3849,SALVADOR,7191279881,,,49,261000.0,EMPRESA DE PEQUENO PORTE,,,,,,,
96739461000150,1,,CLINICA OFTALMOLOGICA PROFESSOR OSORIO FILHO S/S LTDA,,2,ATIVA,1993-05-18,8630503,Atividade médica ambulatorial restrita a consultas,AVENIDA,JURACY MAGALHAES JUNIOR,2096,SALA 207,RIO VERMELHO,40295140,BA,3849,SALVADOR,,,,49,100.0,MICRO EMPRESA,,,,,,,
96738463000124,1,,POLICLINICA SANTO INACIO SOCIEDADE SIMPLES LTDA,,2,ATIVA,1993-04-07,8630503,Atividade médica ambulatorial restrita a consultas,RUA,RUA DAS PITANGUEIRAS,35,,BROTAS,40255436,BA,3849,SALVADOR,7133891931,7133895556,,49,10000.0,EMPRESA DE PEQUENO PORTE,,,,,,,
96733415000143,1,,C A SAO PAULO,INSTITUTO JUNGUIANO DA BAHIA,2,ATIVA,1993-04-20,8640299,Atividades de serviços de complementação diagnóstica e terapêutica não especificadas anteriormente,ALAMEDA,BONS ARES,15,,CANDEAL,40296360,BA,3849,SALVADOR,7133561645,,,50,0.0,MICRO EMPRESA,,,,,,,
96728613000119,1,,VASCULAB - ANGIOLOGIA E CIRURGIA VASCULAR LTDA,VASCULAB,2,ATIVA,1993-04-14,8630502,Atividade médica ambulatorial com recursos para realização de exames complementares,AVENIDA,REITOR MIGUEL CALMON,001210, EDIF CENTRO MEDICO DO VALE SALA 703 E 704,CANELA,40110100,BA,3849,SALVADOR,7132452721,,7132452721,49,10000.0,EMPRESA DE PEQUENO PORTE,,,,,,,
96725460000156,1,,CONSULPE CONSULTORIO PEDIATRICO LTDA,CONSULPE,8,BAIXADA,1993-04-22,8630503,Atividade médica ambulatorial restrita a consultas,RUA,ENGENHEIRO PIMENTA DA CUNHA,46A,,RIBEIRA,40420200,BA,3849,SALVADOR,7136041351,7136041351,7136041351,49,10000.0,MICRO EMPRESA,,False,2018-01-01,2021-12-06,False,,
96720313000193,1,,UNIDERBA UNIAO DE DERMATOLOGISTAS DA BAHIA LTDA,DERMATOMAIS,2,ATIVA,1993-03-16,8630501,Atividade médica ambulatorial com recursos para realização de procedimentos cirúrgicos,RUA,LEONARDO R DA SILVA,00257,COND NOSSA SH DE LOURDES LOTE 05 SALA 417 418 E 419,PITANGUEIRAS,42701420,BA,3685,LAURO DE FREITAS,7133692073,7191917208,,49,60000.0,EMPRESA DE PEQUENO PORTE,,,,,,,
96709449000100,1,,H A S ALVES & CIA LTDA,HASA MED DAY HOSPITAL,2,ATIVA,1993-03-17,8610101,"Atividades de atendimento hospitalar, exceto pronto-socorro e unidades para atendimento a urgências",RUA,JACOB GUANAES,349,-,CENTRO,46900000,BA,3897,SEABRA,,,,49,40000.0,EMPRESA DE PEQUENO PORTE,,True,2015-01-01,,False,,
96706718000177,1,,VITALMED - SERVICOS DE EMERGENCIA MEDICA LTDA,,2,ATIVA,1993-03-12,8610102,Atividades de atendimento em pronto-socorro e unidades hospitalares para atendimento a urgências,AVENIDA,ANTONIO CARLOS MAGALHAES,003847,LOJA 04,BROTAS,40280000,BA,3849,SALVADOR,7122028600,7122028789,,5,1687584.0,DEMAIS,,,,,,,
96706585000139,1,,CHECKLAB LABORATORIO DE ANALISES CLINICAS LTDA,,2,ATIVA,1993-03-12,8640202,Laboratórios clínicos,AVENIDA,RIO BRANCO,847,TERREO,CENTRO,45200260,BA,3661,JEQUIE,7335256105,,,49,120000.0,EMPRESA DE PEQUENO PORTE,,,,,,,
96705728000198,1,,OLHAR SERVICOS DE OFTALMOLOGIA LTDA,,2,ATIVA,1993-03-05,8630502,Atividade médica ambulatorial com recursos para realização de exames complementares,AVENIDA,TANCREDO NEVES,1632,SALA 1011 EDIF SALV TRADE CENTER,CAMINHO DAS ARVORES,41820915,BA,3849,SALVADOR,7133412157,,,49,0.0,MICRO EMPRESA,,,,,,,
96705660000147,1,,CLINICA DE ANGIOLOGIA E CIRURGIA VASCULAR DA BAHIA LTDA,ANGIOMED,2,ATIVA,1993-03-04,8610102,Atividades de atendimento em pronto-socorro e unidades hospitalares para atendimento a urgências,AVENIDA,PRINCESA ISABEL,914, CENTRO MEDICO DO HOSPITAL PORTUGUES SALAS 102 E 103,BARRA,40140901,BA,3849,SALVADOR,7132456275,,,49,5000.0,DEMAIS,,,,,,,
72610132000146,1,,0001 ASSESSORIA E SERVICOS LTDA,PROLAR,8,BAIXADA,1994-10-13,9609299,Outras atividades de serviços pessoais não especificadas anteriormente,,SCS QUADRA 01 BLOCO M,30,SALA 303,ASA SUL,70310500,DF,9701,BRASILIA,,,,49,0.0,MICRO EMPRESA,,,,,,,
26159125000152,1,,001 AUTO CAR LTDA,,4,INAPTA,2016-09-09,4511101,"Comércio a varejo de automóveis, camionetas e utilitários novos",AVENIDA,COELHO DA ROCHA,940,LOJA,BNH,26574390,RJ,1116,MESQUITA,2137669710,,,49,100000.0,EMPRESA DE PEQUENO PORTE,,,,,,,
12146377000132,1,,001 A & W PIZZARIA LTDA,SABORES,8,BAIXADA,2010-06-17,5611201,Restaurantes e similares,AVENIDA,PLINIO BRASIL MILANO,2244,,HIGIENOPOLIS,90520001,RS,8801,PORTO ALEGRE,5133256060,5130295870,5181493033,49,70000.0,MICRO EMPRESA,,,,,,,
13080788000135,1,,001 PERFUMES E INFORMATICA LTDA,,4,INAPTA,2010-12-03,4752100,Comércio varejista especializado de equipamentos de telefonia e comunicação,RUA,PADRE ANCHIETA,1995,ANDAR 18 APTO 1801,BIGORRILHO,80730000,PR,7535,CURITIBA,4132246237,,,49,10000.0,MICRO EMPRESA,,False,2010-12-03,2016-12-31,False,,
15358677000173,1,,001SHOP DESENVOLVIMENTO DE LOJAS VIRTUAIS LTDA,001SHOP LTDA,8,BAIXADA,2012-04-03,6311900,"Tratamento de dados, provedores de serviços de aplicação e serviços de hospedagem na internet",RUA,LUIZ RONALDO CANALLI,3235,CASA 12B COND BOSQUE DO CD RES,CAMPO COMPRIDO,81230162,PR,7535,CURITIBA,4130393216,,,49,20000.0,EMPRESA DE PEQUENO PORTE,,False,2022-01-01,2022-11-07,False,,
11695583000139,1,,001 VISTORIAS DE VEICULOS LTDA,,8,BAIXADA,2010-03-17,8299799,Outras atividades de serviços prestados principalmente às empresas não especificadas anteriormente,RUA,XV DE NOVEMVRO,279,,CENTRO,89900000,SC,8339,SAO MIGUEL DO OESTE,4936220393,,,49,15000.0,MICRO EMPRESA,,False,2010-03-17,2011-02-11,False,,
39501564000143,1,,002 PERFUMES NITEROI LTDA,,4,INAPTA,1992-06-10,4772500,"Comércio varejista de cosméticos, produtos de perfumaria e de higiene pessoal",RUA,LUIZ LEOPOLDO FERNANDES PINHEIRO,572,COMP 401,CENTRO,24030128,RJ,5865,NITEROI,2126293069,,,49,3000.0,MICRO EMPRESA,,True,2007-07-01,,False,,
25144592000146,1,,007 - COMERCIO VAREJISTA DE PECAS E ACESSORIOS AUTOMOTIVO E SERVICOS DE INSTALACAO EM GERAL LTDA,NOVA 007 PARA BRISA,2,ATIVA,2016-06-28,4530703,Comércio a varejo de peças e acessórios novos para veículos automotores,RUA,SEBASTIAO FRANCISCO DE MOURA,186, PARTE,CALIFORNIA,26220370,RJ,5869,NOVA IGUACU,2134202007,,,49,90000.0,EMPRESA DE PEQUENO PORTE,,True,2020-01-01,,False,,
58337668000109,1,,007 CONSULTORIA EMPRESARIAL CURSOS E TREINAMENTOS LTDA.,007 CURSOS INVESTIGACOES NACIONAIS E INTERNACIONAIS,4,INAPTA,1987-11-27,7020400,"Atividades de consultoria em gestão empresarial, exceto consultoria técnica específica",RUA,ALVES BRANCO,44,SALA 02,LAPA DE BAIXO,05068040,SP,7107,SAO PAULO,1136119537,1183640007,1136119537,49,300000.0,DEMAIS,,,,,,,
17315744000106,1,,"007 ENTERPRISES - PRODUCOES, EVENTOS E COMERCIO DE PRODUTOS ESPORTIVOS LTDA.",007 ENTERPRISES,2,ATIVA,2012-12-11,9319101,Produção e promoção de eventos esportivos,RUA,PORTUGAL,263,APT 402,SAO JOAO,90520310,RS,8801,PORTO ALEGRE,5130196863,,,49,10000.0,DEMAIS,,True,2013-01-01,,False,,
13715241000169,1,,007 MOTOS PECAS E SERVICOS LTDA,007 MOTOS,2,ATIVA,2011-05-25,4541206,Comércio a varejo de peças e acessórios novos para motocicletas e motonetas,AVENIDA,WASHINGTON LUIS,71,,VILA MATHIAS,11050201,SP,7071,SANTOS,1374154017,,,49,30000.0,MICRO EMPRESA,,True,2011-05-25,,False,,
18440324000106,1,,007 TRATAMENTO DE DADOS LTDA,,2,ATIVA,2013-07-04,6311900,"Tratamento de dados, provedores de serviços de aplicação e serviços de hospedagem na internet",AVENIDA,EPITACIO PESSOA,02530, APT 801,LAGOA,22471003,RJ,6001,RIO DE JANEIRO,2188333778,,,49,1000.0,MICRO EMPRESA,,True,2013-07-04,,False,,
86825619000150,1,,007-PLANOS DE SAUDE SC LTDA,,2,ATIVA,1994-02-17,6550200,Planos de saúde,RUA,MONSENHOR MANUEL VICENTE,109,,VL MARIANA,04120000,SP,7107,SAO PAULO,,,,49,0.0,MICRO EMPRESA,,,,,,,
69030377000190,1,,007 PRODUCOES DE VIDEO LTDA,,8,BAIXADA,1992-11-04,5911199,"Atividades de produção cinematográfica, de vídeos e de programas de televisão não especificadas anteriormente",RUA,DAS DONINHAS,232,SALA 02,JARDIM DO ENGENHO,06711410,SP,6361,COTIA,0118155741,,,49,0.0,DEMAIS,,,,,,,
14104964000194,1,,007 SEGURANCA ELETRONICA LTDA,007 SEGURANCA ELETRONICA,2,ATIVA,2011-08-03,8020001,Atividades de monitoramento de sistemas de segurança eletrônico,AVENIDA,MAL TITO,655,CONJ 12 2 ANDAR,SAO MIGUEL PAULISTA,08010090,SP,7107,SAO PAULO,1131056662,1160881234,,49,50000.0,MICRO EMPRESA,,True,2018-01-01,,False,,
13878352000196,1,,007 TELECOMUNICACOES LTDA,LIGA E ME AMA,4,INAPTA,2011-06-28,8220200,Atividades de teleatendimento,AVENIDA,REPUBLICA DO LIBANO,2341,QUADRA7 LOTE 67 AO 70 SALA 204,SETOR OESTE,74115030,GO,9373,GOIANIA,6232817587,6232817587,,49,20000.0,MICRO EMPRESA,,,,,,,
67428110000120,1,,008 CARDS ADMINISTRADORA DE CARTOES LTDA,,2,ATIVA,1992-01-08,8299702,"Emissão de vales-alimentação, vales-transporte e similares",RUA,CESAR RIBEIRO,428,,JARDIM CALIFORNIA,14405320,SP,6425,FRANCA,1693030033,,,49,2010000.0,MICRO EMPRESA,,,,,,,
24824981000150,1,,008 MOTEL LUHA LTDA,MOTEL LUHA,8,BAIXADA,2016-05-18,5510801,Hotéis,ESTANCIA,OCTAVIO COSTA,S/N,KM 132 ROD PAULO N ROM,RURAL,17380000,SP,6259,BROTAS,1436534933,,,49,24000.0,MICRO EMPRESA,,False,2018-01-01,2018-12-31,False,,
86394525000174,1,,009 DIA DIA MODAS LTDA,FAZ DIFERENCA,8,BAIXADA,1994-03-07,1411801,Confecção de roupas íntimas,AVENIDA,AUGUSTO DE LIMA,1113,LOJA 104,BARRO PRETO,30190000,MG,4123,BELO HORIZONTE,3133633306,,,49,15000.0,MICRO EMPRESA,,,,,,,
25533645000110,1,,TRANSCOLETA LOGISTICA AMBIENTAL LTDA,,2,ATIVA,2016-08-12,3811400,Coleta de resíduos não-perigosos,RUA,DA PADROEIRA,222,,JARDIM NORDESTE,03691130,SP,7107,SAO PAULO,1143681360,1143673428,,49,700000.0,EMPRESA DE PEQUENO PORTE,,True,2016-08-12,,False,,
26273765000199,1,,00SEG SEGURANCA DO TRABALHO LTDA,,2,ATIVA,2016-09-30,7119704,Serviços de perícia técnica relacionados à segurança do trabalho,RUA,CORONEL ANTONIO LEMOS,350,ANDAR 1 APT 12,VILA INDUSTRIAL,13035100,SP,6291,CAMPINAS,1937339544,,,49,1000.0,MICRO EMPRESA,,True,2016-09-30,,False,,
14223448000189,1,,0101 MULTIMEDIA COMERCIO DE PRODUTOS ELETRONICOS E INSTALACOES LTDA,,4,INAPTA,2011-09-01,4753900,Comércio varejista especializado de eletrodomésticos e equipamentos de áudio e vídeo,RUA,ANTONIETA,516,,PICANCO,07080120,SP,6477,GUARULHOS,1124527408,,,49,78800.0,MICRO EMPRESA,,False,2011-09-01,2018-12-31,False,,
10227132000104,1,,010 EMPREENDIMENTOS IMOBILIARIOS LTDA,,2,ATIVA,2008-06-13,6810201,Compra e venda de imóveis próprios,RUA,AQUILES LISBOA,57,SALA 5,VILA PINTO COELHO,33230306,MG,4751,LAGOA SANTA,3136811121,,3136811121,49,75000.0,DEMAIS,,,,,,,
17642204000129,1,,010MINDS SISTEMAS LTDA,010MINDS,2,ATIVA,2013-02-25,6209100,"Suporte técnico, manutenção e outros serviços em tecnologia da informação",RUA,DOUTOR JOAO COLIN,1285,SALA 03,AMERICA,89204001,SC,8179,JOINVILLE,4792772012,,,49,10000.0,MICRO EMPRESA,,False,2013-02-25,2019-12-31,False,,
17489815000189,1,,0113M REPRESENTACAO COMERCIAL LTDA,,2,ATIVA,2012-12-19,4618499,Outros representantes comerciais e agentes do comércio especializado em produtos não especificados anteriormente,RUA,EUGENIO DOS SANTOS,35,,JARDIM EDITHI,04813270,SP,7107,SAO PAULO,1156665266,1159286511,,49,10000.0,DEMAIS,,,,,,,
15143893000100,1,,011 - COMERCIO DE PNEUMATICOS LTDA,,8,BAIXADA,2011-12-28,4530705,Comércio a varejo de pneumáticos e câmaras-de-ar,AVENIDA,SAO JOSE,1523-A,,VILA AYROSA,06283125,SP,6789,OSASCO,1138368511,,,49,10000.0,MICRO EMPRESA,,,,,,,
10320194000166,1,,011 ESTUDIO FOTOGRAFICO LTDA,,2,ATIVA,2008-08-21,7420001,"Atividades de produção de fotografias, exceto aérea e submarina",RUA,DR. FRANCO DA ROCHA,168,APT 42,PERDIZES,05015040,SP,7107,SAO PAULO,1120635000,,,49,1000.0,MICRO EMPRESA,,True,2008-08-21,,False,,
81661852000121,1,,011 IMPORTACAO E EXPORTACAO DE MANUFATURADOS LTDA,,8,BAIXADA,1989-10-03,4530702,Comércio por atacado de pneumáticos e câmaras-de-ar,RUA,ACACIO NUNES,1050,,CENTRO,85980000,PR,7571,GUAIRA,,,,49,0.0,DEMAIS,,,,,,,
82006941000105,1,,011 IMPORTACAO E EXPORTACAO DE MANUFATURADOS LTDA,011 IMPORTADORA E EXPORTADORA,4,INAPTA,1990-03-29,4530702,Comércio por atacado de pneumáticos e câmaras-de-ar,RODOVIA,BR-272 KM 364,SN,,PARQUE INDUSTRIAL I,87303010,PR,7483,CAMPO MOURAO,4435251951,,4435251951,49,0.0,DEMAIS,,False,2007-07-01,2008-12-31,False,,
28098662000165,1,,011 INCORPORADORA LTDA,,2,ATIVA,2017-07-04,4110700,Incorporação de empreendimentos imobiliários,RUA,FRADIQUE COUTINHO,1496,CASA 1B,PINHEIROS,05416001,SP,7107,SAO PAULO,1175410577,,,49,1200000.0,DEMAIS,,,,,,,
25293104000162,1,,011 PET LTDA,011 PET PRODUTOS DE HIGIENE E EMBELEZAMENTO ANIMAL,2,ATIVA,2016-07-26,9609208,Higiene e embelezamento de animais domésticos,RUA,GUARAIUVA,1398,,CIDADE MONCOES,04569003,SP,7107,SAO PAULO,1147478111,1161435939,,49,99800.0,MICRO EMPRESA,,False,2016-07-26,2023-12-31,False,,
21082317000194,1,,011 RESTAURANTE EIRELI,011 GASTRONOMIA,8,BAIXADA,2014-09-22,5611201,Restaurantes e similares,RUA,PAIS LEME,215,,PINHEIROS,05424150,SP,7107,SAO PAULO,1134594282,,1120923857,65,100000.0,MICRO EMPRESA,,False,2020-01-01,2022-11-21,False,,
13899665000120,1,,011 SHOP IMPORTACAO E EXPORTACAO LTDA,011 IMPORT,2,ATIVA,2011-06-27,4635403,Comércio atacadista de bebidas com atividade de fracionamento e acondicionamento associada,AVENIDA,PORTUGAL,60,,BROOKLIN PAULISTA,04559000,SP,7107,SAO PAULO,1141713092,,1155316168,49,10000.0,MICRO EMPRESA,,True,2011-06-27,,False,,
11098333000111,1,,011 ZERO ELEVEN MANAGEMENT AGENCIA DE MODELOS LTDA,011 ZERO ELEVEN MANAGEMENT,4,INAPTA,2009-08-24,7490105,"Agenciamento de profissionais para atividades esportivas, culturais e artísticas",RUA,AUGUSTA,2516,ANDAR 11 CONJ 111,CERQUEIRA CESAR,01412100,SP,7107,SAO PAULO,1126475088,,,49,40000.0,DEMAIS,,,,,,,
19906360000185,1,,012 CONSTRUCOES E REFORMAS LTDA,,2,ATIVA,2014-03-17,4399101,Administração de obras,AVENIDA,JACANA,764,BLOCO 1 ANEXO 1707,JACANA,02273001,SP,7107,SAO PAULO,1195229309,,,49,20000.0,MICRO EMPRESA,,True,2015-01-01,,False,,
26332648000159,1,,013 BURGUER LTDA,013 BURGUER,8,BAIXADA,2016-10-11,5620104,Fornecimento de alimentos preparados preponderantemente para consumo domiciliar,AVENIDA,MARECHAL DEODORO,51,,GONZAGA,11060401,SP,7071,SANTOS,1332245252,1330405213,1332234413,49,10000.0,MICRO EMPRESA,,False,2016-10-11,2019-09-24,False,,
25286573000154,1,,013 MUAY THAI CAMP LTDA.,013 MUAY THAI CAMP,8,BAIXADA,2016-07-26,8591100,Ensino de esportes,RUA,SENADOR CRISTIANO OTONI,89,,VALONGO,11010280,SP,7071,SANTOS,1333245635,1335665820,1333245635,49,20000.0,MICRO EMPRESA,,,,,,,
23544772000190,1,,018 SUPLEMENTOS FITNESS LTDA,,4,INAPTA,2015-10-26,4729699,Comércio varejista de produtos alimentícios em geral ou especializado em produtos alimentícios não especificados anteriormente,RODOVIA,SARGENTO ARNALDO LUCIANO COVOLAN,1055,LOJA 98,GILBERTO DIAS FERREIRA,16300001,SP,6847,PENAPOLIS,1836247252,,,49,30000.0,MICRO EMPRESA,,True,2015-10-26,,False,,
26676560000154,1,,K PARTICIPACAO E ADMINISTRACAO LTDA,,8,BAIXADA,2016-12-07,6810201,Compra e venda de imóveis próprios,AVENIDA,AMAZONAS,311,SALA 1702,CENTRO,30180905,MG,4123,BELO HORIZONTE,3132444800,,,49,2000000.0,DEMAIS,,,,,,,
21245120000129,1,,01 ACADEMIAS UNIVERSO FITNESS LTDA,ACADEMIAS UNIVERSO FITNESS,2,ATIVA,2014-10-16,9313100,Atividades de condicionamento físico,ESTRADA,AUSTIN-QUEIMADOS,1029,,AUSTIN (NOVA IGUACU),26086295,RJ,5869,NOVA IGUACU,2178705466,,2127680923,49,50000.0,MICRO EMPRESA,,,,,,,
23103227000168,1,,01A FORMIGA COLETA E GERENCIAMENTO AMBIENTAL LTDA,1A FORMIGA,2,ATIVA,2015-08-20,3811400,Coleta de resíduos não-perigosos,RUA,GIROLAMO DAI LIBRI,336,SALA 08,VILA MORAES,04170030,SP,7107,SAO PAULO,1136911052,,,49,350000.0,MICRO EMPRESA,,False,2015-08-20,2015-08-20,False,,
20124871000124,1,,01ASSOCIACAO DOS PROP DAS CASAS DO B JARDIM AMERICA,,8,BAIXADA,1978-09-19,9430800,Atividades de associações de defesa de direitos sociais,RUA,BOLIVIA,28,,JARDIM AMERICA,34000001,MG,4895,NOVA LIMA,,,,16,0.0,DEMAIS,,,,,,,
11326325000185,1,,01 AUTO CENTER FINO TRATO LTDA,01 AUTO CENTER FINO TRATO,4,INAPTA,2008-12-10,4530703,Comércio a varejo de peças e acessórios novos para veículos automotores,RUA,RUA BOA ESPERANCA,172,CASA 1,IPIRANGUINHA,11680000,SP,7209,UBATUBA,1238334179,,,49,20000.0,MICRO EMPRESA,,False,2010-01-01,2012-12-31,False,,
13669214000105,1,,01 AUTOMACAO LTDA,SYSTEM ONE AUTOMACAO LTDA ME,8,BAIXADA,2011-05-16,6201501,Desenvolvimento de programas de computador sob encomenda,RUA,EDSON TADEI,18,PAVMTO02,SANTA BARBARA,29145110,ES,5625,CARIACICA,2730822355,,,49,5000.0,MICRO EMPRESA,,False,2011-05-16,2021-12-10,False,,
20084872000192,1,,01 DE JULHO CONFECCOES DE ROUPAS LTDA,TRIBOS STREET WEAR,8,BAIXADA,2014-04-15,4781400,Comércio varejista de artigos do vestuário e acessórios,RODOVIA,PE 60,3200,LOJA 186,CIDADE GARAPU,54518343,PE,2357,CABO DE SANTO AGOSTINHO,8130947777,,,49,20000.0,EMPRESA DE PEQUENO PORTE,,False,2017-01-01,2017-12-31,False,,
20512614000160,1,,01 FS EMPREENDIMENTOS IMOBILIARIOS SPE LTDA,,2,ATIVA,2014-06-27,4110700,Incorporação de empreendimentos imobiliários,RUA,DIAS FERREIRA,00190, SAL 601,LEBLON,22431050,RJ,6001,RIO DE JANEIRO,2121232160,,,5,23102112.0,DEMAIS,,,,,,,
11018507000199,1,,01 GABRIEL COMERCIO DE ROUPA INFANTIL LTDA,LITTLE MONKEY,4,INAPTA,2009-07-28,4781400,Comércio varejista de artigos do vestuário e acessórios,PRAÇA,DA SAUDADE,26,CASA 02,PENDOTIBA,24322300,RJ,5865,NITEROI,2127108443,,,49,10000.0,MICRO EMPRESA,,True,2009-07-28,,False,,
50690528000108,1,,01IGREJA EVANGELICA REMANESCENTE DA PROMESSA CONSERVAD,,2,ATIVA,1978-10-27,9491000,Atividades de organizações religiosas ou filosóficas,RUA,JOAO,7,,JD DOS AFONSOS,07141310,SP,6477,GUARULHOS,,,,16,0.0,DEMAIS,,,,,,,
13876675000140,1,,01 IMPORTACAO E EXPORTACAO LTDA,,4,INAPTA,2011-06-15,8211300,Serviços combinados de escritório e apoio administrativo,RUA,JOAO PESSOA,169,ANDAR 1,CENTRO,11013000,SP,7071,SANTOS,1332243473,1332243473,1332243473,49,300000.0,MICRO EMPRESA,,True,2011-06-15,,False,,
19745523000195,1,,01 SOLUTIONS LTDA,,2,ATIVA,2014-02-18,6204000,Consultoria em tecnologia da informação,RUA,HEITOR DE ANDRADE,1210,,JARDIM DAS INDUSTRIAS,12241000,SP,7099,SAO JOSE DOS CAMPOS,1239317544,,,49,10000.0,MICRO EMPRESA,,True,2018-01-01,,False,,
15118374000183,1,,01 TECNOLOGIA DA INFORMACAO LTDA,,4,INAPTA,2012-01-12,6201501,Desenvolvimento de programas de computador sob encomenda,AVENIDA,REPUBLICA ARGENTINA,665,SALA 602,AGUA VERDE,80240210,PR,7535,CURITIBA,4130934434,,,49,100000.0,MICRO EMPRESA,,True,2020-01-01,,False,,
21161410000194,1,,01 TECNOLOGIA DE CREDITO IMOBILIARIO LTDA,01 CREDITO,8,BAIXADA,2014-09-25,8211300,Serviços combinados de escritório e apoio administrativo,AVENIDA,SETE DE SETEMBRO,4476,ANDAR 11 CONJ 1105,CENTRO,80250210,PR,7535,CURITIBA,4130222559,4196836136,4130222559,49,20000.0,EMPRESA DE PEQUENO PORTE,,,,,,,
20131494000150,1,,01 VOLPI MARKETING LTDA,,2,ATIVA,2014-04-24,7490105,"Agenciamento de profissionais para atividades esportivas, culturais e artísticas",RUA,DR AMADEU DA LUZ,122,SALA 42,CENTRO,89010160,SC,8047,BLUMENAU,4733269797,4733264048,,49,1700000.0,MICRO EMPRESA,,False,2014-04-24,2019-08-31,False,,
26625294000130,1,,MG - GESTOES E SERVICOS ADMINISTRATIVOS S.A.,SOMOS - GESTAO DE ACOES COLETIVAS,2,ATIVA,2016-11-29,8211300,Serviços combinados de escritório e apoio administrativo,RUA,GOMES DE CARVALHO,1629,,VILA OLIMPIA,04547006,SP,7107,SAO PAULO,1185552109,,,10,2746126.0,DEMAIS,,,,,,,
15534184000147,1,,020 PISCINAS COMERCIO DE FERRAGENS E FERRAMENTAS LTDA,,4,INAPTA,2012-03-29,4744005,Comércio varejista de materiais de construção não especificados anteriormente,RODOVIA,RS-020,914,,VERA CRUZ,94090720,RS,8683,GRAVATAI,5184020679,,,49,100000.0,MICRO EMPRESA,,,,,,,
27374942000196,1,,0212 APOIO ADMINISTRATIVO LTDA,0212 BUSINESS SOLUTIONS,8,BAIXADA,2017-03-21,7319002,Promoção de vendas,RUA,DESEMBARGADOR TRIGO DE LOUREIRO,696,,ALVORADA,78048455,MT,9067,CUIABA,6599640212,,,49,40000.0,MICRO EMPRESA,,False,2022-01-01,2022-02-02,False,,
18740802000101,1,,02/12 AUTO CENTER LTDA,O 2 DE UMA IDEIA,4,INAPTA,2013-08-23,4530703,Comércio a varejo de peças e acessórios novos para veículos automotores,AVENIDA,DOM PEDRO II,5102,LOJA: 02 E 02A;,JARDIM MONTANHES,30750000,MG,4123,BELO HORIZONTE,3125123027,,,49,80000.0,EMPRESA DE PEQUENO PORTE,,False,2013-08-23,2017-12-31,False,,
10359599000108,1,,021 CONFECCOES DE ROUPAS LTDA,+ BRASIL,8,BAIXADA,2008-09-16,1412601,"Confecção de peças de vestuário, exceto roupas íntimas e as confeccionadas sob medida",AVENIDA,LOBO JUNIOR,1866,SALA 201,PENHA CIRCULAR,21020122,RJ,6001,RIO DE JANEIRO,2138840504,,,49,100000.0,MICRO EMPRESA,,False,2008-09-16,2018-12-31,False,,
24892393000153,1,,ESSENCIAL ERREJOTA BANGU ODONTOLOGIA LTDA,ESSENCIAL RJ DENTAL BANGU,2,ATIVA,2016-05-25,8630504,Atividade odontológica,RUA,SILVA CARDOSO,152, SAL 0515,BANGU,21810032,RJ,6001,RIO DE JANEIRO,2122322790,,,5,2000.0,DEMAIS,,,,,,,
23559445000101,1,,021 DENTAL BONSUCESSO ODONTOLOGIA LTDA,021 DENTAL BONSUCESSO,2,ATIVA,2015-10-26,8630504,Atividade odontológica,RUA,CARDOSO DE MORAIS,145,SALA 601,BONSUCESSO,21032000,RJ,6001,RIO DE JANEIRO,2125075850,,,5,10000.0,DEMAIS,,,,,,,
26436399000141,1,,021 DENTAL CAMPO GRANDE ODONTOLOGIA LTDA,021 DENTAL CAMPO GRANDE,2,ATIVA,2016-10-26,8630504,Atividade odontológica,RUA,AUGUSTO DE VASCONCELOS,00544, SAL 336 SAL 340 SAL 341,CAMPO GRANDE,23050340,RJ,6001,RIO DE JANEIRO,2164445359,,,5,10000.0,DEMAIS,,,,,,,
25193821000112,1,,021 DENTAL MEIER ODONTOLOGIA LTDA,021 DENTAL MEIER,2,ATIVA,2016-07-12,8630504,Atividade odontológica,RUA,DIAS DA CRUZ,00155, SAL 308,MEIER,20720010,RJ,6001,RIO DE JANEIRO,2139932796,,,5,10000.0,DEMAIS,,,,,,,
26136165000189,1,,021 DENTAL CAXIAS ODONTOLOGIA LTDA,021 DENTAL CAXIAS,2,ATIVA,2016-09-09,8630504,Atividade odontológica,RUA,CONDE DE PORTO ALEGRE,477, SALAS 908 E 910,JARDIM VINTE E CINCO DE AGOSTO,25070350,RJ,5833,DUQUE DE CAXIAS,2122322790,,,5,10000.0,DEMAIS,,,,,,,
25289233000187,1,,021 DENTAL CINELANDIA ODONTOLOGIA LTDA,021 DENTAL CINELANDIA,2,ATIVA,2016-07-22,8630504,Atividade odontológica,RUA,URUGUAIANA,00010, SAL 1706,CENTRO,20050902,RJ,6001,RIO DE JANEIRO,2135294334,,,5,10000.0,DEMAIS,,,,,,,
25159008000126,1,,ESSENCIAL ERREJOTA COPACABANA ODONTOLOGIA LTDA,ESSENCIAL RJ DENTAL COPACABANA,2,ATIVA,2016-06-22,8630504,Atividade odontológica,RUA,SANTA CLARA,50, SAL 910,COPACABANA,22041012,RJ,6001,RIO DE JANEIRO,2122322790,,,5,10000.0,DEMAIS,,,,,,,
25349781000155,1,,ESSENCIAL ERREJOTA ILHA DO GOVERNADOR ODONTOLOGIA LTDA,ESSENCIAL RJ DENTAL ILHA DO GOVERNADOR,2,ATIVA,2016-08-01,8630504,Atividade odontológica,ESTRADA,DO GALEAO,02701, SAL 209,PORTUGUESA,21931387,RJ,6001,RIO DE JANEIRO,2139932796,,,49,10000.0,DEMAIS,,,,,,,
25159375000120,1,,021 DENTAL MADUREIRA ODONTOLOGIA LTDA,021 DENTAL MADUREIRA,2,ATIVA,2016-06-22,8630504,Atividade odontológica,RUA,SOARES CALDEIRA,00142, SAL 0807 SAL 0808,MADUREIRA,21351080,RJ,6001,RIO DE JANEIRO,2164445359,,,5,10000.0,DEMAIS,,,,,,,
22477899000170,1,,021 DENTAL NORTE SHOPPING ODONTOLOGIA LTDA,021 DENTAL NORTE SHOPPING,2,ATIVA,2015-05-15,8630504,Atividade odontológica,AVENIDA,DOM HELDER CAMARA,05555, SAL 712 SAL 713,TODOS OS SANTOS,20770145,RJ,6001,RIO DE JANEIRO,2139932796,,,5,10000.0,DEMAIS,,,,,,,
24892373000182,1,,021 DENTAL NOVA IGUACU ODONTOLOGIA LTDA,021 DENTAL NOVA IGUACU,2,ATIVA,2016-05-25,8630504,Atividade odontológica,RUA,GETULIO VARGAS,121,SALA 416 E 417,CENTRO,26255060,RJ,5869,NOVA IGUACU,2125075850,2122322790,,5,10000.0,DEMAIS,,,,,,,
25193781000109,1,,021 DENTAL VILA DA PENHA ODONTOLOGIA LTDA,021 DENTAL VILA DA PENHA,2,ATIVA,2016-07-12,8630504,Atividade odontológica,AVENIDA,VICENTE DE CARVALHO,00909, BLC 1 SAL 1220 BLC 1 SAL 1222,VICENTE DE CARVALHO,21210623,RJ,6001,RIO DE JANEIRO,2139932796,,,5,10000.0,DEMAIS,,,,,,,
25136248000105,1,,021 DENTAL TIJUCA ODONTOLOGIA LTDA,021 DENTAL VILA ISABEL ODONTOLOGIA,2,ATIVA,2016-06-22,8630504,Atividade odontológica,BOULEVARD,VINTE E OITO DE SETEMBRO,389, SALA 213,VILA ISABEL,20551185,RJ,6001,RIO DE JANEIRO,2164445359,,,5,88000.0,DEMAIS,,,,,,,
19912322000135,1,,021 ESCRITORIOS VIRTUAIS EIRELI,,8,BAIXADA,2014-03-17,8211300,Serviços combinados de escritório e apoio administrativo,AVENIDA,DAS AMERICAS,12300,SALA 232,RECREIO DOS BANDEIRANTES,22790702,RJ,6001,RIO DE JANEIRO,2131236177,,,65,75000.0,DEMAIS,,False,2014-03-17,2015-07-30,False,,
21127917000121,1,,"021GRAFF IMPORTACAO, EXPORTACAO E COMERCIO LTDA",,4,INAPTA,2014-09-26,4679601,"Comércio atacadista de tintas, vernizes e similares",RUA,RUGENDAS,611,LOTE 135,JACAREPAGUA,22745045,RJ,6001,RIO DE JANEIRO,2122082922,,2122082922,49,20000.0,MICRO EMPRESA,,True,2014-09-26,,False,,
28483324000147,1,,021 INCORPORADORA EIRELI,,8,BAIXADA,2017-08-23,4110700,Incorporação de empreendimentos imobiliários,RUA,ASSUNCAO,70,SALA 04,PONTA AGUDA,89050120,SC,8047,BLUMENAU,4700000001,,,65,100000.0,MICRO EMPRESA,,,,,,,
20973407000102,1,,021 INOVACAO CONSULTORIA E TECNOLOGIA LTDA,3NC TECHNOLOGY,2,ATIVA,2014-09-03,6204000,Consultoria em tecnologia da informação,AVENIDA,LUCIO COSTA,04700, SETOR 1 APTO 1201,BARRA DA TIJUCA,22630011,RJ,6001,RIO DE JANEIRO,2194025475,,,49,100000.0,EMPRESA DE PEQUENO PORTE,,True,2024-01-01,,False,,
26937422000181,1,,0 2 1 KITE BOARDING COMERCIO VAREJISTA DE ARTIGOS ESPORTIVOS LTDA,021 KITEBOARDING & SURFSHOP,2,ATIVA,2016-12-15,9529199,Reparação e manutenção de outros objetos e equipamentos pessoais e domésticos não especificados anteriormente,AVENIDA,OLEGARIO MACIEL,00260, LOJ K,BARRA DA TIJUCA,22621200,RJ,6001,RIO DE JANEIRO,2180498888,,2122919738,49,120000.0,EMPRESA DE PEQUENO PORTE,,True,2019-01-01,,False,,
28002030000156,1,,021 MIND SET TECNOLOGIA DA INFORMACAO LTDA,,8,BAIXADA,2017-06-20,6311900,"Tratamento de dados, provedores de serviços de aplicação e serviços de hospedagem na internet",RUA,HONORIO DE BARROS,20,APT 408,FLAMENGO,22250120,RJ,6001,RIO DE JANEIRO,2194748476,,,49,5000.0,MICRO EMPRESA,,False,2017-06-20,2023-07-17,False,,
24979805000197,1,,021 - PET COMERCIO DE RACOES LTDA,021 - PET,8,BAIXADA,2016-05-31,4789004,Comércio varejista de animais vivos e de artigos e alimentos para animais de estimação,AVENIDA,HENRIQUE DUMONT,85, LOJ D,IPANEMA,22410060,RJ,6001,RIO DE JANEIRO,2197914114,,,49,100000.0,MICRO EMPRESA,,False,2023-01-01,2023-03-30,False,,
24048679000157,1,,021 PIZZARIA LTDA,,2,ATIVA,2016-01-26,5611201,Restaurantes e similares,RUA,SETE DE SETEMBRO,59,,VILA ALZIRA,09030160,SP,7057,SANTO ANDRE,1149943111,,1149943074,49,9000.0,EMPRESA DE PEQUENO PORTE,,True,2016-01-26,,False,,
28342197000166,1,,021 POOL SERVICOS DE PISCINAS LTDA,021 POOL SERVICOS DE PISCINAS LTDA,2,ATIVA,2017-08-04,4330499,Outras obras de acabamento da construção,RUA,3 PAA 11932,00003, BLOCO 09 APT 1004,JACAREPAGUA,22775036,RJ,6001,RIO DE JANEIRO,2193135547,2172000719,,49,3000.0,MICRO EMPRESA,,True,2017-08-04,,False,,
26733498000195,1,,021 PRODUCOES EVENTOS E TURISMO LTDA,BE CARIOCA TOUR,8,BAIXADA,2016-12-16,8230001,"Serviços de organização de feiras, congressos, exposições e festas",RUA,VASCO DA GAMA,219,APT 804 BLC II,CACHAMBI,20771310,RJ,6001,RIO DE JANEIRO,2183944196,2186362959,,49,5000.0,MICRO EMPRESA,,False,2016-12-16,2023-08-21,False,,
73282592000155,1,,021 PRODUCOES FOTOGRAFICAS LTDA,,8,BAIXADA,1993-08-24,7420001,"Atividades de produção de fotografias, exceto aérea e submarina",RUA,SAO CLEMENTE,158,402,BOTAFOGO,22260010,RJ,6001,RIO DE JANEIRO,,,,49,0.0,DEMAIS,,,,,,,
23900119000116,1,,021 PROJETOS ARTISTICOS E CULTURAIS LTDA,021 FILMES,8,BAIXADA,2015-12-30,5911199,"Atividades de produção cinematográfica, de vídeos e de programas de televisão não especificadas anteriormente",RUA,VOLUNTARIOS DA PATRIA,375,CASA 05,BOTAFOGO,22270005,RJ,6001,RIO DE JANEIRO,2122249290,,,49,10000.0,DEMAIS,,False,2015-12-30,2022-03-15,False,,
19005458000161,1,,021 TELEFONIA SERVICE COMERCIO DE EQUIPAMENTOS E SUPRIMENTOS DE INFORMATICA EIRELI,021 TELEFONIA SERVICE,8,BAIXADA,2013-10-03,4751201,Comércio varejista especializado de equipamentos e suprimentos de informática,AVENIDA,OCTAVIO MANGABEIRA,815,LOJA: 05;,PITUBA,41830050,BA,3849,SALVADOR,7191468998,7132410031,7132410031,65,90000.0,MICRO EMPRESA,,False,2013-10-03,2018-08-17,False,,
20992419000184,1,,"021 TREINAMENTO, CONTEUDO E BOM HUMOR LTDA",021 TREINAMENTO,2,ATIVA,2014-09-08,7319003,Marketing direto,RUA,MIGUEL LEMOS,91,: APT 1003;,COPACABANA,22071000,RJ,6001,RIO DE JANEIRO,2122242282,,,49,10000.0,EMPRESA DE PEQUENO PORTE,,True,2014-09-08,,False,,
27659409000170,1,,023 ESCOLA DE ARTES MARCIAIS LTDA,CT NAVARRA TEAM,2,ATIVA,2017-05-04,9313100,Atividades de condicionamento físico,RUA,TUIUTI,2484,ANDAR 2,TATUAPE,03307005,SP,7107,SAO PAULO,1130303000,,,49,15000.0,MICRO EMPRESA,,False,2017-05-04,2023-12-31,False,,
18904014000103,1,,023 VEICULOS LTDA,,8,BAIXADA,2013-09-12,4511101,"Comércio a varejo de automóveis, camionetas e utilitários novos",AVENIDA,SANTOS DUMONT,347,SALA: 01;,SANTO ANTONIO,89218100,SC,8179,JOINVILLE,4730329219,,,49,100000.0,DEMAIS,,,,,,,
17887389000131,1,,CONDOMINIO DO GRUPAMENTO CEO CORPORATE EXECUTIVE OFFICES,,2,ATIVA,2013-02-18,8112500,Condomínios prediais,AVENIDA,JOAO CABRAL DE MELLO NETO,850,,BARRA DA TIJUCA,22775057,RJ,6001,RIO DE JANEIRO,2122347481,,,5,0.0,DEMAIS,,,,,,,
18104742000122,1,,027 CLUB LTDA,027 CLUB,4,INAPTA,2013-05-10,9329801,"Discotecas, danceterias, salões de dança e similares",RUA,SANTA MARTA,08,,CAMPO GRANDE,29146360,ES,5625,CARIACICA,2799986309,2733193880,2733193880,49,200000.0,MICRO EMPRESA,,True,2013-05-10,,False,,
18366877000166,1,,027 MARKETING PROMOCIONAL E EVENTOS LTDA,,2,ATIVA,2013-06-21,7319003,Marketing direto,RUA,CORONEL MASCARENHAS,102,: FRENTE;,CENTRO DE VILA VELHA,29100220,ES,5703,VILA VELHA,2735348027,,,49,60000.0,EMPRESA DE PEQUENO PORTE,,True,2013-06-21,,False,,
23576481000183,1,,02 CLEAN LIMPEZA ESPECIALIZADA LTDA,,4,INAPTA,1989-03-17,8121400,Limpeza em prédios e em domicílios,AVENIDA,DOM LUIS,880,SALA 506,ALDEOTA,60160196,CE,1389,FORTALEZA,8597219435,,,49,80000.0,MICRO EMPRESA,,False,2008-01-01,2019-12-31,False,,
10255095000148,1,,02 CLIQUE SOLUCOES EM TECNOLOGIA LTDA,2 CLIQUE INFO,4,INAPTA,2008-07-14,4751201,Comércio varejista especializado de equipamentos e suprimentos de informática,ESTRADA,DO GALEAO,2335, GRUPO 104 PORTUGUESA,ILHA DO GOVERNADOR,21931582,RJ,6001,RIO DE JANEIRO,2137633740,2124044151,2137633740,49,30000.0,MICRO EMPRESA,,,,,,,
20281701000153,1,,02 CONSTRUCOES LTDA,,2,ATIVA,2014-05-20,4120400,Construção de edifícios,RUA,PROFESSOR FLAVIANO DE MELO,330,APT 43,CENTRO,08710620,SP,6713,MOGI DAS CRUZES,1173049260,,,49,75000.0,MICRO EMPRESA,,,,,,,
24786340000158,1,,O2 CENTRO DE OXIGENOTERAPIA HIPERBARICA BH LTDA.,,2,ATIVA,2016-05-12,8640299,Atividades de serviços de complementação diagnóstica e terapêutica não especificadas anteriormente,AVENIDA,DO CONTORNO,4747,SALA 1713,SERRA,30110921,MG,4123,BELO HORIZONTE,3188688866,,,49,300000.0,DEMAIS,,,,,,,
28482294000154,1,,02 ELETRO DU PADRINHO LTDA,DU PADRINHO COMERCIO,4,INAPTA,2017-08-22,4753900,Comércio varejista especializado de eletrodomésticos e equipamentos de áudio e vídeo,RUA,DA MATRIZ,457,LOJA A,CENTRO,25525130,RJ,5901,SAO JOAO DE MERITI,2137563946,2127564620,,49,50000.0,MICRO EMPRESA,,False,2017-08-22,2018-12-31,False,,
10380439000140,1,,02 EMPREENDIMENTOS IMOBILIARIOS LTDA,,8,BAIXADA,2008-09-11,4110700,Incorporação de empreendimentos imobiliários,AVENIDA,BRIGADEIRO FARIA LIMA,1485,ANDAR 19,JARDIM PAULISTANO,01452002,SP,7107,SAO PAULO,1930292807,1991570100,1930292807,49,30000.0,DEMAIS,,,,,,,
68474774000198,1,,02 FILMES CURTOS LTDA,,2,ATIVA,1993-03-05,5911199,"Atividades de produção cinematográfica, de vídeos e de programas de televisão não especificadas anteriormente",ESTRADA,ALDEIA,338,,GRANJA VIANA,06709300,SP,6361,COTIA,1138653810,,,5,50000.0,DEMAIS,,,,,,,
72026990000148,1,,02 FILMES & VIDEOS LTDA,,2,ATIVA,1993-09-14,5912099,"Atividades de pós-produção cinematográfica, de vídeos e de programas de televisão não especificadas anteriormente",ESTRADA,DA ALDEIA CARAPICUIBA,338,SALA 04,CENTRO,06709300,SP,6361,COTIA,1136448040,1136448040,1136448040,49,0.0,MICRO EMPRESA,,,,,,,
23893057000162,1,,02 INSPECAO AMBIENTAL DE VEICULOS AUTOMOTORES EIRELI,OXIGENIO,8,BAIXADA,2015-12-29,7120100,Testes e análises técnicas,QUADRA,501 NORTE AVENIDA JOAQUIM TEOTONIO SEGURADO,SN,LOTE 10,PLANO DIRETOR NORTE,77001802,TO,9733,PALMAS,6399380576,,,65,100000.0,EMPRESA DE PEQUENO PORTE,,,,,,,
67431718000103,1,,02 PRODUCOES ARTISTICAS E CINEMATOGRAFICAS LTDA,,2,ATIVA,1992-01-10,5911102,Produção de filmes para publicidade,ESTRADA,ALDEIA,338,SALA 02,GRANJA VIANA,06709300,SP,6361,COTIA,1138653810,,,49,50000.0,DEMAIS,,,,,,,
48828909000169,1,,02 SERVICOS ELETRICOS S/CLTDA,,8,BAIXADA,1978-07-24,4321500,Instalação e manutenção elétrica,RUA,BENJAMIN CONSTANT,91,,CENTRO,13900160,SP,6137,AMPARO,1938078458,,,49,20.0,MICRO EMPRESA,,,,,,,
18954422000161,1,,03/12 AUTOCENTER EIRELI,O 3 DE UMA IDEIA,8,BAIXADA,2013-09-26,4530703,Comércio a varejo de peças e acessórios novos para veículos automotores,RUA,ALIPIO DE MELO,763,LOJA: 03;,JARDIM MONTANHES,30750010,MG,4123,BELO HORIZONTE,3125114445,,,65,67800.0,EMPRESA DE PEQUENO PORTE,,False,2013-09-26,2015-03-27,False,,
28329819000116,1,,031 CAFERACER LTDA,031 MOTORCYCLE,8,BAIXADA,2017-08-03,4520002,Serviços de lanternagem ou funilaria e pintura de veículos automotores,RUA,PANAMA,40,,SION,30320120,MG,4123,BELO HORIZONTE,3135645900,,,49,45000.0,EMPRESA DE PEQUENO PORTE,,False,2017-08-03,2019-06-03,False,,
38076642000147,1,,03 AMIGOS AUTO MECANICA LTDA,OFICINA 03 AMIGOS,2,ATIVA,1994-03-29,4520001,Serviços de manutenção e reparação mecânica de veículos automotores,AREA,ADE CENTRO NORTE QUADRA 03 CONJUNTO D,S/N,LOTE 18,CEILANDIA,72237340,DF,9701,BRASILIA,6181217719,6133532236,,49,10000.0,DEMAIS,,True,2024-01-01,,False,,
10867982000177,1,,03 AMIGOS TRANSPORTES LTDA,03 AMIGOS TRANSPORTE DE CARGAS,4,INAPTA,2009-05-22,4930202,"Transporte rodoviário de carga, exceto produtos perigosos e mudanças, intermunicipal, interestadual e internacional",RUA,SAO PAULO,97,SALA 01,MONTE CRISTO,27345290,RJ,5807,BARRA MANSA,2433231040,2433231040,2433231040,49,70000.0,MICRO EMPRESA,,,,,,,
12241148000105,1,,03 F MATERIAL DE CONSTRUCAO LTDA,,8,BAIXADA,2010-07-16,4744099,Comércio varejista de materiais de construção em geral,RUA,ANTONIO BAIAO,157,,VILA ORLANDELIA,27325060,RJ,5807,BARRA MANSA,2433231040,2433286600,2433231040,49,40000.0,MICRO EMPRESA,,False,2010-07-16,2019-05-13,False,,
21296993000160,1,,03 GRUPO DE ESCOTEIRO DO MAR PITANGUI,03 G.E. MAR PITANGUI,2,ATIVA,2014-09-11,8599699,Outras atividades de ensino não especificadas anteriormente,RUA,ZEFERINA LOPES,18,,PRAIA DE PITANGUI,59575971,RN,1671,EXTREMOZ,8432263010,8491118367,8432263010,16,0.0,DEMAIS,,,,,,,
19759697000107,1,,03 J MINERACAO LTDA,03 J MINERACAO,2,ATIVA,2014-02-19,893200,Extração de gemas (pedras preciosas e semipreciosas),FAZENDA,POMBOS,100,,ZONA RURAL,45180000,BA,3323,ANAGE,7734217499,,,49,40000.0,EMPRESA DE PEQUENO PORTE,,True,2024-01-01,,False,,
26324140000109,1,,03 AUTOPECAS LTDA.,03 AUTOPECAS,2,ATIVA,2016-10-07,4530703,Comércio a varejo de peças e acessórios novos para veículos automotores,AVENIDA,ENGENHEIRO WINSTON MARUCA,149, AREA 4 LOJA A LOTE 149,JACUACANGA,23914345,RJ,5801,ANGRA DOS REIS,2433611888,,,49,50000.0,MICRO EMPRESA,,True,2024-01-01,,False,,
24689444000144,1,,03 STYLUS COMERCIO VAREJISTA DE ROUPAS LTDA,03 STYLUS,8,BAIXADA,2016-04-27,4781400,Comércio varejista de artigos do vestuário e acessórios,RUA,50 (CJ PREFEITO JOSE WALTER),70, C,PREFEITO JOSE WALTER,60750640,CE,1389,FORTALEZA,8587947358,,,49,30000.0,MICRO EMPRESA,,,,,,,
28688527000170,1,,040 AGROPECUARIA DO BRASIL LTDA,PAINEIRAO AGROPECUARIA,4,INAPTA,2017-09-20,4623109,Comércio atacadista de alimentos para animais,RUA,49,S/N,QUADRA14 LOTE 05 SALA 01,PARQUE HAYALA,74959232,GO,9227,APARECIDA DE GOIANIA,6232583325,6232880042,6230977760,49,300000.0,MICRO EMPRESA,,True,2017-09-20,,False,,
10673793000163,1,,040 AUTOMOVEIS DO BRASIL LTDA,DUCAR MULTIMARCAS,4,INAPTA,2009-03-06,4511101,"Comércio a varejo de automóveis, camionetas e utilitários novos",AVENIDA,BRIGADEIRO LIMA E SILVA,375,,PARQUE DUQUE,25085131,RJ,5833,DUQUE DE CAXIAS,2127565275,,,49,50000.0,MICRO EMPRESA,,,,,,,
19901066000180,1,,040 CENTRO AUTOMOTIVO LTDA,,8,BAIXADA,2014-03-18,4520001,Serviços de manutenção e reparação mecânica de veículos automotores,RUA,CONSELHEIRO JOAQUIM CAETANO,968,,NOVA GRANADA,30431320,MG,4123,BELO HORIZONTE,3132011039,,,49,30000.0,MICRO EMPRESA,,False,2014-03-18,2014-12-26,False,,
23293809000154,1,,040 COMERCIAL E MATERIAIS DE CONSTRUCAO LTDA,040 COMERCIAL E MATERIAIS DE CONSTRUCAO,8,BAIXADA,2015-09-17,4744001,Comércio varejista de ferragens e ferramentas,RODOVIA,BR 040 KM 130,SN,,RURALMINAS I,38770000,MG,4725,JOAO PINHEIRO,3835645107,3891084329,,49,60000.0,MICRO EMPRESA,,False,2015-09-17,2019-12-31,False,,
19069791000134,1,,040 COMERCIO E SERVICOS DE TRANSPORTES LTDA,,2,ATIVA,2013-10-15,4530703,Comércio a varejo de peças e acessórios novos para veículos automotores,RODOVIA,BR-040,SN,KM 610,IPIRANGA,36412330,MG,4359,CONGONHAS,3195510090,,,49,20000.0,MICRO EMPRESA,,True,2024-01-01,,False,,
42921775000140,1,,040 DIESEL LTDA,,2,ATIVA,1992-09-09,4520001,Serviços de manutenção e reparação mecânica de veículos automotores,RODOVIA,BR.040,522,,FAZENDA BOA VISTA,32145480,MG,4371,CONTAGEM,3133941982,,,49,5000.0,MICRO EMPRESA,,False,2007-07-01,2010-12-31,False,,
13836552000186,1,,040 EMPREENDIMENTOS IMOBILIARIOS LTDA,,2,ATIVA,2011-06-20,6810201,Compra e venda de imóveis próprios,RODOVIA,BR 040,S/N,KM 39 LOTE 16,JULIOCA,25845000,RJ,2925,AREAL,2481370154,,,49,10000.0,DEMAIS,,,,,,,
24330222000130,1,,040 LANCHES LTDA,,8,BAIXADA,2016-03-08,5611203,"Lanchonetes, casas de chá, de sucos e similares",MARGEM,"RODOVIA BR 040 KM 43,5",1320,,JARDIM SERRANO,38600001,MG,4939,PARACATU,3899388488,3897349367,,49,20000.0,MICRO EMPRESA,,False,2016-03-08,2016-07-05,False,,
20394386000170,1,,040 MOLAS E PECAS DIESEL LTDA,,8,BAIXADA,2014-06-05,4530703,Comércio a varejo de peças e acessórios novos para veículos automotores,RODOVIA,BR 040,2287,,AGUA BRANCA,32145970,MG,4371,CONTAGEM,3133643405,,,49,50000.0,MICRO EMPRESA,,False,2014-06-05,2016-04-28,False,,
